Recency,Frequency,Monetary_log
202,2,5.300065837082154
378,1,5.535718789608946
29,1,5.720442915549309
328,1,5.459585514144159
34,3,7.556767692177504
37,5,8.368182611943254
21,2,7.497872559222539
86,2,5.72652196162569
95,2,6.885499445033667
197,1,6.799947326347832
31,1,5.5531921160237
51,1,5.471472035517174
72,2,6.423685179191323
217,4,7.420890234188477
66,2,5.741559838990231
347,5,8.824636713845836
30,10,7.94098958315077
30,10,8.056280910342272
43,4,6.98804411021094
28,29,11.089821757367776
41,5,7.825572844652115
280,1,4.943925528623873
46,1,5.4521965809604644
73,7,7.158124816549939
28,13,8.90990397448464
101,4,7.225277667444801
76,6,7.24329136326374
140,3,6.111400818443195
49,2,6.6197131417148
48,2,5.4331541567702475
21,14,8.570512132794931
79,2,7.8471177984240486
35,4,7.184924787557381
102,1,6.062505320212233
49,9,7.7738090005095435
149,2,5.898252165385803
168,4,7.412920915195919
296,5,6.925074432852604
29,2,6.354717806406837
177,2,5.01529110563245
112,1,4.873287102945032
181,2,5.605985872931934
262,1,5.026508643252546
31,6,6.818344662481459
84,1,5.979822035323908
25,7,7.857944895861751
70,5,7.2569744979494875
91,1,4.968284353555726
35,1,5.38788380990708
50,1,5.1047326174753715
39,4,7.034211702934696
351,1,5.810242385757328
22,39,9.869669618054086
25,4,7.4514971691896905
60,3,7.21068550519629
38,11,8.038234383988618
64,2,6.150368199359277
56,2,6.652450040859531
88,3,5.080907347081587
31,1,5.8622666086363004
31,3,6.3941424412081105
206,1,6.123742028914818
35,11,8.319395697687295
381,1,5.09528276815654
288,1,5.9668131836668525
49,3,6.874229518756969
39,2,6.584031435183091
239,2,6.234587180737504
65,1,5.561027724964261
114,2,6.483581245267995
104,6,7.155521196517061
251,4,6.665785623417879
113,7,7.236677658449301
65,2,6.300583939429462
228,1,5.475542625917242
70,2,6.049261645834199
50,1,5.731883904767076
144,3,6.1092475827643655
23,8,7.792844259713028
46,9,8.536629084807092
123,6,7.92378998322293
51,5,7.95525671275995
25,11,7.830604457153538
60,3,6.5592610671335985
31,6,7.371218818387145
34,15,8.80264728376256
21,17,8.176056894958146
60,7,8.377163013069026
53,4,6.943537394621777
27,1,6.62786940372116
29,7,6.209113028140212
202,1,5.381738974687109
132,1,4.933034048072704
30,1,5.048059522742255
22,8,7.442229067653836
237,1,4.883937641050299
167,4,7.229650354603547
70,10,9.194266882793213
323,1,5.1515559851526325
78,3,6.805645031032358
322,1,5.9708791134988735
30,27,10.14218944276619
35,6,7.841709096061802
73,3,6.483458971588781
275,1,3.4372078191851885
218,2,6.181774941326951
77,1,7.189922170745808
21,121,10.933183038252574
309,1,4.423648309364701
289,4,7.588293297126913
147,1,6.384975150681265
321,1,5.5154428455366835
74,2,5.192011960177106
284,1,4.858881738868719
73,4,7.931406924383504
127,3,6.9224074103144515
35,1,6.114323567019841
36,4,7.701191135135846
74,3,7.94944794882591
126,3,6.78625408955109
171,2,4.872828106608945
207,1,5.493308326442654
120,3,6.634607076307393
24,16,8.640725004474895
24,4,7.436116255837188
39,1,6.325988458404011
31,10,8.455273105848867
22,10,8.413169559508749
42,6,8.295496093483768
86,2,6.19766537769188
46,4,7.835935055248705
35,9,8.085178748074537
49,6,6.90976326163493
41,6,8.342006123522882
51,2,7.340958763134549
35,10,7.523924218258032
28,1,6.010188161106084
57,2,5.571773731735836
51,3,6.8478566435737855
104,2,6.420125212819335
57,2,7.362327961197329
119,8,6.626095038848851
36,3,7.324364724306029
41,9,7.77363737767218
133,1,3.971234865059992
50,4,6.948244418112183
98,5,7.815905365534041
217,1,4.66814498514948
21,6,6.8581552869906535
30,5,6.349138991379798
69,2,6.296851459803208
70,1,5.18565246089057
22,3,6.675772779000723
24,4,6.55029431192244
39,4,6.7709499614808495
136,2,6.314381032580987
197,1,2.138889000323256
255,2,5.765943171007808
36,3,6.799913910775058
51,2,6.1961589547536615
393,1,4.399375273008495
70,1,6.148425559961744
22,3,6.164829445859045
172,1,5.105460507838699
311,2,5.975335165178098
88,1,5.644598481302753
91,1,6.8839747503167334
21,4,6.472763518115628
384,1,6.145086515763547
93,3,7.182504076022019
280,3,4.882726162140863
50,5,7.388624661538179
111,1,5.405601031767711
114,4,6.818333727125813
99,5,6.833688844427256
130,3,6.329845674922272
21,10,7.6977886694854805
31,2,7.389143853094436
37,2,5.343768629451954
123,1,5.148366189784533
39,14,8.813936585808454
36,5,7.5064324267154285
220,1,4.530446639792155
21,10,8.052742118160147
274,2,6.540452631968321
39,2,6.2324480165505225
30,9,7.810056613946998
105,4,6.287133390226416
315,1,5.510278628459677
262,4,6.083428224523346
116,11,7.230881712367113
28,3,6.706189738821421
53,12,8.01629479592632
338,1,6.118933852353786
37,1,4.61512051684126
345,1,5.304200029706192
86,3,7.166049734539326
53,1,5.1951766076285235
73,2,5.317286313095639
392,1,5.353704768627595
304,1,5.060060177423779
184,1,6.633489471284123
211,1,4.653484046266642
237,3,7.8430993378892895
45,10,7.881250201426248
112,3,8.21273383071163
168,3,6.310427239592795
70,2,6.096184857878385
31,1,4.074141854904581
41,13,9.251885305113332
43,1,5.335613151291733
38,2,6.941963450311874
53,1,5.7158757223435845
66,1,7.210788910938355
127,3,6.67825406046321
104,1,5.3624651863717885
38,7,7.81452886616445
51,1,5.448201816085329
23,8,7.287505919250311
60,2,6.684611727667927
88,1,5.487614537078416
88,1,5.148366189784533
58,1,5.536073630230092
57,3,6.787608201178801
81,5,7.61840342042736
118,1,5.008700089461746
66,1,5.848488695655459
35,6,8.430776546629255
46,2,6.254386348430604
90,3,6.105774893285393
39,8,7.604067445685239
58,2,5.431404910686392
38,3,6.68018946385734
109,1,5.376296407864626
22,2,5.548453322925848
63,5,6.470056193540251
23,10,8.29878341807454
36,42,10.825608853558224
56,14,8.723616942635617
22,4,7.411121147834273
35,1,4.760206188087624
59,5,7.412546733713537
130,1,5.776568144381849
50,6,8.032490051795818
60,1,5.760666776856913
95,4,7.380629783319556
24,6,8.110844693233933
30,9,7.607292002863751
266,1,5.23830193413805
50,3,6.606785312203421
48,1,5.523778230817407
86,2,6.680829584372467
379,1,5.733179451506989
247,3,6.468304132870801
64,2,6.460999316456092
29,10,7.64798163699868
29,1,6.1918511112995755
233,2,6.444274330725595
31,2,5.216944608082299
387,1,4.642658630399083
76,2,6.2190183589107395
53,4,6.811431585746545
69,4,7.058070039641005
21,18,9.472191427851593
39,18,9.545513908508529
381,1,4.718498871295094
45,5,7.462168988109326
381,1,4.547011271814559
49,1,6.158757064882177
378,1,5.7420411867732915
218,1,5.46713143998349
113,9,7.016376472846134
38,4,6.894892912265193
49,1,5.561335263505108
36,2,6.871703140589635
168,1,4.579236803961587
37,5,7.400400638708697
148,2,6.3419277379944194
65,5,8.047509510981422
297,1,5.397574293145378
150,5,7.105736907597212
30,1,5.217974613865498
37,14,8.50982007668676
80,1,4.956671771152826
233,1,4.798431682820381
325,1,4.861361591348501
81,4,6.817206744529469
216,2,6.496020557860377
203,1,3.8607297110405954
116,2,6.065411792060065
249,1,5.126045145607083
170,1,5.190063781107782
150,2,7.795267863824162
154,3,6.388914284453015
25,2,5.638034333334139
65,2,7.27941538247794
86,7,7.561594942621463
25,4,6.9782137426306985
69,2,7.665809662708082
86,3,7.155044952124425
345,1,5.7406285757768645
65,1,4.940498911907225
53,3,7.2073634519404095
41,12,8.571838561315856
149,2,6.777578254170188
211,1,4.704472387061954
112,7,7.608954951032898
394,1,4.864452783918175
21,5,6.589270297375311
338,1,2.8081971497071487
91,1,5.970904633142621
251,3,6.129616498490725
37,1,5.72342168990855
42,5,7.326037890800916
24,14,8.873070217102853
52,3,6.233469106063111
394,2,7.075808863978387
28,12,7.382024796374923
73,1,5.468524168478886
129,6,6.967626676019528
88,1,6.327436658687513
77,1,5.859075359062237
118,1,6.004627533634263
60,9,9.285208483722016
21,22,8.896749547736443
24,2,5.446090610837469
22,3,6.498748907997604
252,2,6.175700936106709
377,1,5.68697535633982
73,21,7.919610703723965
134,5,8.698962929319483
102,4,7.151822397731769
46,6,6.786310547492762
28,20,8.950754544076538
60,2,5.882374864520278
50,6,8.66725839417853
70,5,8.012598117400882
274,2,6.40418659316403
28,10,7.6759542718528015
385,1,5.853753001232496
126,1,6.865870219608617
282,1,5.4401207021224
274,1,5.970470710603746
37,2,6.408034434948252
273,4,7.112791884519306
123,4,7.247614629992308
23,16,10.609573662941987
32,3,6.26771275130897
21,3,6.891483610507239
108,5,6.947792966013668
85,2,5.307376211036383
32,3,5.956433046936053
391,1,6.087819635350745
48,6,8.883895294939904
23,7,7.229186391480292
73,2,8.161512039217158
199,1,5.1440000061636795
78,8,7.960215420851252
29,48,10.760286845299737
202,2,6.670753646494326
84,1,3.727138166231027
49,1,5.40703723326228
83,3,7.452425652810628
66,1,5.456815724368715
67,1,6.04559755568791
35,9,7.183460919423318
59,3,8.238772103362052
93,3,6.564940973892307
282,1,5.492649836008127
28,15,9.345126477119633
39,1,5.743323649276734
79,2,6.125558281588681
29,6,8.034494925151467
393,1,5.405061923978025
43,12,8.924963640183455
38,2,6.668545859981134
308,1,5.717751123883597
21,7,7.100959075501592
98,5,7.502087143920259
83,8,8.329428849503595
48,1,5.399609618029909
28,3,6.306530728772529
79,1,4.835885002798619
62,6,7.624687343198003
56,1,5.4160115093646795
77,2,6.1655228907317
49,9,8.277729691234931
73,2,7.251316614175486
234,2,5.054971107916307
386,1,5.457583511473486
57,3,6.620153203330527
165,3,6.609780417044924
27,6,7.9754443349967366
27,2,5.460521246422891
79,5,7.06570729599208
382,1,5.571012696691494
239,2,6.494162228461808
98,1,5.400241986269962
64,5,6.600645708864258
56,2,6.2924761355205066
43,9,8.015849141789465
90,1,6.727958532171293
42,1,6.497378126512952
132,1,5.415477986321614
154,2,5.5256521224807145
317,1,5.148946909893768
93,1,5.886853750340702
204,1,4.753159063701541
98,3,6.79696895912354
38,2,6.335196085410785
51,14,8.514178652255366
43,9,8.930402899210131
35,5,7.6298639960773285
28,2,6.2262401826519
286,1,5.765379172872851
388,1,3.5553480614894135
163,3,6.822665690537022
31,6,8.77212684018807
116,1,5.069029980473338
126,2,6.32233181950912
273,1,5.5907257523639045
29,8,7.641900438576155
32,5,7.004773090861635
23,10,7.681767905596637
39,24,9.338710719288752
77,4,7.627393454073833
42,2,6.473026125187446
135,1,5.23920410205553
200,2,6.500087747318773
164,1,4.590056548178043
32,5,7.159323008512906
63,2,6.9475046984994195
184,2,6.459513141517914
56,8,8.320567415337553
29,1,5.883183103022492
116,1,5.728019699020247
128,1,4.723219852761906
38,4,7.760769626222577
119,1,5.372682448503343
325,1,5.752890048763229
92,3,7.073651000694222
165,1,5.162841226985587
200,2,5.449707095598856
63,1,4.680277658474897
227,1,5.441334873382962
387,1,6.874880785908055
45,3,7.308140841347003
66,1,5.968835429047621
28,6,7.920315730155317
58,3,6.6918603925038385
282,1,5.708371926990008
85,2,6.707424525733084
345,1,5.5124201732100975
32,8,7.18353682017553
21,69,9.867055906317166
27,74,11.004074556835956
36,9,8.790130593514101
50,2,6.7512768921457
183,4,5.8251442840409675
286,1,5.779786267653029
66,2,5.945813201688893
23,86,11.330028302547134
168,1,5.7441883826244515
297,2,4.913830664825064
24,6,6.6211526237499205
92,7,7.558182832321921
41,1,5.418364503857487
142,1,5.866892895854932
24,28,8.247523910165095
22,12,7.84032085420615
22,28,9.919886354169265
93,1,5.1086690343676215
282,1,5.060060177423779
43,4,7.065613363597717
252,2,7.025316067721282
85,1,7.010041072522887
135,1,5.740275111015227
76,3,6.626068531930543
209,1,4.838660029356445
24,10,7.332369205929062
391,1,5.083823796047731
86,4,7.0070122055794775
41,1,5.668120754102115
22,5,7.2292298971686675
93,1,8.051672299672518
24,3,7.297612549349402
254,1,5.230038525794742
42,7,8.138687393290477
24,23,8.98966502214509
256,2,6.486876995821337
44,4,6.63327895881706
297,1,5.821565510312585
85,2,6.653443506005462
45,3,6.769228573387807
330,1,5.280916851867869
63,3,7.383486225788365
63,1,5.200484006199273
28,4,6.43269890609975
67,1,5.1680947794980625
25,19,8.94154416685527
49,4,7.424648457849398
25,3,6.923116686094836
79,4,7.3769836077601205
63,1,5.278114659230517
353,1,2.3702437414678603
21,9,7.996700996533476
160,3,6.647792129529391
28,12,8.45559434519728
27,3,5.965710746656891
46,2,5.663828159149168
45,1,5.573673789309181
55,2,6.316062997077524
59,10,8.265274580653848
34,7,7.791018559801949
30,4,7.188903552582921
325,1,5.651752066561817
114,1,5.881649681100775
147,2,5.146796558906795
41,1,6.2887132134289745
44,1,6.138050975700036
73,1,6.128396401603126
293,1,5.366022742902049
80,12,8.222317305424186
168,2,6.898714534329988
98,6,7.607739036801071
39,6,7.826000100379148
32,5,6.828268250223805
143,1,5.0317442573064906
347,1,4.925803358579558
237,1,5.08425743396687
101,2,6.010482552943744
382,1,4.984017496191964
265,4,7.236922326134238
41,3,7.033171331128387
102,5,7.142590218885931
121,1,5.089754498548855
25,1,5.360352757467489
93,3,7.014409956850677
22,2,6.441297356282896
42,10,8.132177560175482
58,4,6.595370593889984
35,11,7.9200214238893745
94,6,8.08368039875288
381,1,6.211904446847877
22,7,7.549403880927271
101,1,5.802118375377063
52,8,7.951407911241131
69,1,5.906451172781026
59,6,7.7159305928261315
303,2,5.995954452380834
51,7,7.94734270719963
204,1,5.1070357883825706
38,1,6.044412721426077
50,1,5.623295223743515
77,13,8.386802006033165
221,1,5.580295703583139
39,2,6.561582140397784
31,3,6.6706268941429
69,1,6.6879312120782695
32,6,7.871238709280286
28,20,8.906320223732749
44,4,6.7301824292103865
86,1,5.748373357984076
77,1,5.265019081146522
36,2,4.967727793084979
168,4,8.046200272985285
42,1,5.311875044480103
319,1,5.170199863767594
25,2,4.0100567456995115
24,5,7.436994330258844
48,1,5.313205979041787
58,2,6.525982283130761
123,1,5.124915907128641
37,4,6.9610495700398545
25,59,10.2739494679021
38,2,5.828239486005016
57,5,7.578119896644838
293,2,5.27658287440203
74,2,6.436935316627178
210,2,5.470420223147659
77,9,9.189854971643534
39,8,7.712501972119837
36,4,7.957082781175368
247,2,5.99632770277397
178,1,6.179581776498513
51,5,6.886082103300643
30,6,7.485805812311006
62,2,4.625952725170619
66,1,4.899182182134742
146,3,6.510228578175494
31,2,6.5914679495200215
175,3,7.373204804019313
287,4,7.194459373369229
106,4,7.715078999604354
30,5,7.037396615138535
42,2,5.425126213411732
25,3,6.10955864549045
277,1,4.857095538727753
77,5,7.134707567838177
287,1,3.8416005411316
79,2,6.652437132220425
295,6,6.064807941332192
50,5,6.285346112927534
311,1,5.789164747598362
301,2,5.857218613545591
71,2,6.782146703504459
27,18,7.659576945785491
64,2,5.777497512478481
56,8,7.475917300747956
69,8,8.626854445625757
307,1,8.171548899806611
81,2,5.8003645725024455
24,25,8.889754870248442
389,1,5.324180026073764
147,1,5.300564839088516
125,2,6.567234859514355
23,7,10.867106427967283
30,3,6.007608528931287
29,5,6.449427224173901
39,1,5.95316540917378
32,8,7.883156074543676
49,7,7.66716761418972
22,18,8.56365111421432
158,4,7.124164203520231
51,1,4.618579872898009
43,1,6.641652033227792
52,2,6.036198878448153
389,1,5.245391160738632
35,2,6.301886106529253
31,7,7.8702919889463265
69,1,6.269020523260754
328,1,5.599791391268202
171,1,5.605507905387861
69,3,6.986945315542653
42,3,6.927273552128017
39,4,6.9203753103382395
30,6,6.68317319347358
42,1,5.656376352258931
88,2,6.208549783838228
56,3,6.08256131750186
253,2,7.031043135272966
115,1,4.517976974285714
49,4,7.431589917391739
22,2,7.604555778039985
112,1,4.890649834884672
92,4,7.014050357799739
35,12,8.115942191468276
393,1,4.89447593955597
59,2,6.235880233697731
149,1,5.439990524864182
30,6,7.3307852182697735
218,1,4.853591544486569
105,1,6.521798637262015
42,2,5.607418406373117
225,1,5.507280854288412
30,3,6.095937168704513
207,1,6.031430175051029
29,10,7.367885324429574
71,3,8.360759240241064
196,2,6.968558708340963
149,3,5.642828631985861
393,1,4.876570425865589
37,4,7.5273958449981615
154,4,7.361458017688789
212,1,5.121759169643187
41,2,6.013323881460876
70,5,6.7876533066692755
245,1,6.008444567142666
92,2,4.960043507980195
282,1,9.301505609728274
256,1,6.601107828643053
38,5,7.766001557540451
101,1,6.221484402361624
42,2,7.0241150800983325
83,4,7.440774786357715
72,1,6.287430959459953
65,5,8.280746545011
28,1,4.852655068688459
28,2,6.379698718287784
45,9,7.605437162218683
51,7,6.996736381454871
37,9,7.421135636634754
37,7,7.334916645172062
42,2,6.798788267730199
41,13,8.346027812407147
190,1,5.020915603503812
85,6,7.25035868153359
245,1,5.256192440247365
56,4,7.711907017584994
289,1,5.815472914008897
38,2,6.715965035325923
67,1,5.806188630487591
21,5,7.465059826629675
74,8,7.814904352939009
55,2,6.4319267177117725
101,1,4.9139775400548205
28,4,7.134715537394472
133,1,5.271203074056465
76,6,8.104782015135173
62,6,7.720035694380279
69,3,6.310445411994369
258,1,4.8158362157911885
22,30,8.797362614453744
136,2,5.8888779583328805
21,6,7.817947452394423
197,3,7.58049564976442
88,1,4.668708206792079
273,3,7.244056072336364
98,4,6.881483169643275
119,2,4.430816798843313
29,11,8.483719134558521
22,11,7.903090066196386
102,9,8.211219509505622
21,5,7.597887920381211
36,4,6.610022870676855
338,1,3.911222685257377
34,2,5.332670482919699
119,2,7.576584151890876
156,2,7.637750167035548
150,4,7.240334232316201
168,4,7.076130029643467
52,1,4.330733340286331
106,1,5.037731519757957
34,1,5.244177920447388
192,1,5.831530509191657
56,1,7.779308025509446
148,1,6.151987736440525
93,2,6.14568665295577
252,3,6.72903522896985
100,4,7.142866926072201
44,24,8.728340271960027
225,2,6.577916988996964
106,6,7.070537173901474
30,7,7.638833880376638
161,1,4.393213824064446
23,8,7.729713353121553
23,6,7.783194849244015
59,1,6.404815149490137
32,9,8.843467895203819
51,4,6.515053373574328
41,1,4.8469392014254655
186,3,6.583533695739408
23,7,7.477479801065847
86,5,7.854978626265784
32,4,6.671944333940246
30,6,7.548919453674031
381,1,3.494384096388273
43,1,4.715816706075155
25,4,7.074692433732344
63,6,7.686341350823858
51,1,5.38632824387075
25,4,6.985086621918461
84,2,6.079544103390923
134,2,6.618538696438405
29,4,6.187442430349423
72,4,7.655963397438722
44,3,7.574188806023659
262,2,3.2208738275308737
72,2,6.315990712710795
265,2,6.524809692303843
50,2,6.454695292066289
86,2,6.438439413172899
24,6,7.837589877219591
38,7,7.497029725477041
65,1,5.331897199811232
109,2,6.020950531164366
31,8,8.499717374994834
28,8,8.234586218831206
35,1,5.32017670090093
304,1,5.968144741786365
91,1,5.269145989247757
171,2,5.8538964465012
156,6,7.745600027739347
28,5,6.876264611890766
224,1,6.4568952363835805
28,6,8.156375391975914
32,6,7.035250993492313
72,3,6.77168351949921
23,31,11.345005742114042
22,4,6.768504705835444
107,4,6.063785208687608
130,2,7.372897108810965
94,1,6.286519373889176
37,1,5.2327116094500425
22,13,8.125530391701401
146,4,8.341844070597949
34,2,7.301053334457178
275,1,5.061771909543635
65,1,5.891229761312137
139,3,6.70637321944944
216,3,6.775879657668556
154,1,6.4039880195835925
72,9,7.883239020169096
155,2,6.551366008520565
32,13,8.605211394719442
63,4,6.891564919583409
42,2,6.742349834564496
231,1,4.165424143903053
280,1,3.8543938925915096
22,9,7.179795655443961
136,1,5.243861180751978
102,4,7.7246764027106245
232,4,6.941973113968312
91,1,5.83434279133577
23,7,7.361356369075252
41,1,6.039945139555509
60,1,7.084394052640594
35,27,11.29589084110413
58,1,5.346154695962197
233,1,4.991520430236574
79,1,4.617098756853365
66,1,5.426798528196577
49,8,7.337392539061287
29,17,8.623105154998704
156,1,3.7328963395307104
37,6,8.540143799793048
52,2,6.725681691441266
28,3,7.3595694790276625
29,2,6.9279891858129465
67,2,6.038061832484764
83,9,7.245712127307541
43,1,6.667452852577131
324,1,3.8989377658794906
273,3,5.672842051749564
28,4,6.41973430786941
119,1,4.6549122778829055
23,2,5.829269094697617
29,9,8.456495816953392
35,5,7.909298508590968
29,2,5.998787667487763
382,1,5.4352056186101585
24,9,7.711083338558355
391,1,3.0633909220278057
30,4,7.20677780472792
28,3,8.26440710935535
83,1,5.731203070232193
28,5,7.376326633011247
186,4,7.485121169056339
265,1,5.924282535024994
24,109,10.966697681420563
80,2,5.589717518368229
63,2,4.875578929769415
56,12,8.065038910509772
41,1,4.6240900708406025
219,1,3.6144252681889886
32,8,7.231424476788119
28,18,9.182978424880336
123,4,8.31093625525845
281,2,7.1883145443650855
59,3,6.676592156697725
22,18,8.94096438272027
62,3,6.714170529909472
86,1,5.614878398550195
183,3,6.622151046325322
266,1,6.074702145678038
97,2,6.430509488479342
29,5,6.962290811630151
74,2,6.050370045018507
50,2,5.446133741242256
251,1,5.069470079817148
119,2,6.385599038873762
30,8,8.260554902218118
37,1,4.895224442584928
237,2,6.4211018071871315
88,1,6.085546700469121
93,1,4.892152013325479
93,1,5.362089969445103
39,2,7.18589446256499
37,9,7.771800684482702
35,3,6.599475863531289
88,1,4.14946386144318
195,1,5.706645040269677
118,6,5.705114919889979
287,1,6.587398488193701
112,4,5.833640461914415
192,1,6.140810847220484
108,3,5.920478619374696
28,11,8.701236598308464
107,3,6.68377387676887
88,4,6.701640904660789
244,1,5.833347679010845
193,6,8.119517665582903
86,1,5.43372200355424
74,2,6.082218910376446
76,5,8.196241091973008
56,4,7.007247610476987
106,7,8.296711095286087
44,1,4.795129169911258
56,22,10.291503336157666
78,19,9.1458935799647
93,5,7.292881616094771
136,2,6.128657976284189
53,6,7.732579634166422
133,2,6.454695292066289
58,2,6.43269890609975
24,8,7.3092926837523216
88,1,5.72090176646359
69,3,6.494177350763422
170,2,5.643713948190081
65,1,6.596272196344404
48,9,8.29924860204826
34,1,6.62823976919675
51,3,6.084203241658105
44,2,6.556636300614086
24,3,6.27585370385897
142,1,3.4531571205928664
59,3,7.036930949205884
29,7,7.8192384731435975
232,1,6.316081067352825
92,4,7.856551922412551
53,1,5.226821364842967
41,12,7.917587354464576
28,1,6.963785834807063
27,19,10.337500272193159
170,5,7.870509661266332
46,5,7.337834947854221
44,15,9.737962934006738
144,1,4.546481189639412
101,9,8.011869073244853
67,3,7.481054167711559
295,1,5.371242496562593
100,1,4.68213122712422
175,1,5.448201816085329
32,5,6.972887373919919
93,4,7.575148659090991
161,1,5.202632116413628
252,1,4.879767018891217
66,2,6.241775694493103
67,3,6.614122201036916
253,2,6.58210823793308
157,2,6.435621382327132
179,1,5.072482697422336
170,3,7.291356436726754
67,1,5.876193977563638
44,7,7.399905599783028
203,2,6.570924978263625
197,5,8.453279541672533
57,1,5.29476105034526
87,1,4.50700593720086
65,1,5.529587805073855
231,1,5.479805242593414
50,3,6.198519366072607
49,1,6.221623433316097
71,11,7.8035167196038
64,1,5.421861552639491
27,43,10.263245838087789
332,2,5.974928578467883
35,11,9.031217294589055
221,2,6.478755387740309
115,2,6.632884128457373
78,4,6.45766407492614
25,10,8.588382049957675
28,2,6.436150368369428
29,8,7.801174439164
24,3,6.411785426448133
106,2,5.967709619753367
39,1,5.186938778564647
32,10,7.69021743121894
70,1,6.247617252029137
39,10,7.448351333080305
43,1,5.508456728726992
77,2,7.788501731331401
32,1,4.690062653006054
42,5,6.827087375914682
261,3,6.0007215683706585
114,2,6.34310684851864
125,5,7.703810971494357
287,1,5.520059936946618
140,1,5.69035945432406
185,1,5.56329360146418
62,2,6.275703197782002
48,1,5.538789899984021
27,7,7.297971376327562
76,2,6.237777600448834
119,4,6.444830535200694
227,3,5.78339432029125
76,2,6.616386418672361
77,2,6.125558281588681
73,5,9.33830077541717
59,3,5.965223235902755
36,23,9.330559548940311
317,2,5.6515413628105104
63,5,8.137474774308892
192,1,5.178068793951861
387,1,6.08155659063452
143,10,7.403852977343515
349,1,4.033709523684745
108,2,5.384265678684401
60,1,6.03258249782888
78,4,7.186863198213779
77,1,6.023641278803203
31,1,5.408113032370921
23,8,7.7895290974706315
200,1,5.6910349018336985
387,1,5.749074463847908
113,5,7.451119726331509
297,1,5.0271645960474665
199,1,5.254783364524308
205,2,7.02860028867434
35,2,5.821861762721802
76,4,7.112400791654211
25,8,7.611214111249621
67,3,6.924356709479563
48,5,6.9180520844595055
22,5,6.767757308754597
28,3,6.26903946391023
329,1,4.660604892876192
42,2,6.416307355642383
35,3,6.97433858312529
72,6,7.034061885579398
189,1,6.368478739042131
304,2,5.820201617670761
46,1,5.546933713835277
45,2,7.040168546737964
37,1,5.888018863654928
205,3,6.3726198859985645
86,11,8.264335000718507
150,2,6.803705015679784
220,1,4.551769409260976
39,5,6.477464549438317
88,1,5.587211204515341
73,2,6.277564118064523
78,2,7.466667962654821
21,6,7.301168048566127
21,19,9.262445986342504
66,4,7.182883885362298
392,1,4.426043520090656
80,18,8.799154933933112
219,1,6.057345916221495
111,2,5.948400457636955
235,1,5.171903441692378
196,1,4.841427376447684
50,4,6.785610243622635
267,1,5.349010480863555
113,1,6.254693821961477
286,1,7.130482743744342
94,1,5.819192326167029
246,1,6.9571738171118644
51,4,6.948753258016209
46,3,6.651352211222822
202,1,7.362810231430298
39,7,8.041123198940522
55,3,8.138862590095334
30,11,9.30699691775022
79,2,7.643296018507768
86,1,5.441334873382962
102,1,5.087596335232384
31,1,5.590165747869234
352,1,6.492164074574964
60,3,6.982723595219443
221,1,5.889099540429954
118,1,3.7123518102990785
172,3,6.708352668049725
42,4,7.216915045610148
237,1,5.061645215004001
52,2,5.7122135001340535
203,4,6.936983929642267
147,2,7.315218389752975
30,13,8.700993654089592
21,6,7.853519372554693
36,8,7.051457275227703
41,4,6.892316715292946
46,2,5.977973956925482
92,6,8.173189061163624
148,11,8.740698277368923
120,4,5.97013876039323
22,3,5.800546143088509
184,2,5.697093486505405
190,1,4.722953221644475
134,3,6.636418885066442
239,1,5.262949222710246
135,9,8.612028713133688
233,1,6.0369158100119
50,3,6.431284381970267
25,5,7.063903961472068
65,6,8.335541810004587
393,1,5.102728182753178
43,6,7.796177259673576
67,1,6.275646752162638
67,1,6.316984165039059
29,4,6.709048209898743
342,1,5.206147251575906
32,1,4.6773047837472905
84,3,6.499335811047536
137,3,6.46514889419329
254,1,6.196607047312639
43,5,6.830355741720633
22,19,9.451259399263787
118,1,5.767226647212736
25,39,9.815812500817684
35,3,6.7663184347416205
37,1,4.73926392046879
132,2,6.408874694984015
98,1,5.361761539104571
25,9,8.39763908834543
167,4,7.101025018444484
310,3,6.486922693742851
42,2,5.827650661869767
51,1,4.640537329825382
52,2,5.670673712088448
99,1,5.983155119236841
198,2,6.842277650354465
74,4,7.821723315486647
42,1,5.904871264522886
37,6,6.706972355000379
46,2,6.419832048433451
126,2,6.571037012097961
25,11,7.606471921256951
183,1,4.634728988229636
73,8,7.667495119491214
50,7,7.827826854450908
275,1,5.126342101808226
23,4,8.794834018882286
62,1,4.154184562578117
206,1,4.971131874318556
98,1,5.124737489690837
90,1,5.529825834193874
48,7,6.8498613005632345
29,5,8.070127660891423
30,17,8.898353311797806
36,5,7.939871576361883
70,5,7.234984934236417
141,1,4.922532412541283
71,1,6.7784435425017975
50,2,6.320498473679624
48,1,5.223917043971786
56,5,7.159548481521243
37,3,6.284320710833492
128,10,7.995276286160372
281,1,7.741272912389358
74,1,5.694068782468562
248,1,5.225262685642126
50,8,7.65641284946965
44,7,8.2905786230862
394,1,5.868873094521794
31,1,5.918409866202071
22,13,8.316828226991367
39,7,8.567943338325898
318,1,5.449664119042561
22,32,10.027452330678939
29,3,6.46302945692067
156,1,4.085976312551584
35,4,7.1053348381650725
52,5,7.743911298950496
22,33,8.473007211703829
44,8,8.008681554981978
25,3,6.44635453854367
53,1,5.82994511794329
273,1,5.4646365658644855
106,5,8.125269976574547
118,6,6.9386820771292905
79,3,7.166049734539326
200,2,4.109233174715851
225,1,4.702296896718814
78,6,7.355219288783538
230,6,7.712497500097923
73,1,6.802250308446763
182,1,4.707094805710017
206,3,9.249320671617067
163,1,4.912654885736052
309,1,6.558765017801951
63,3,7.4241533477966035
41,7,7.234631621929903
59,1,6.248584313977123
227,1,4.865224091322398
73,1,5.693226960716684
35,12,8.62709995720053
233,1,5.511572185111876
85,3,7.179300347523768
70,2,6.133571563732811
102,2,6.8374615617621375
24,2,5.554044267758266
30,3,6.896643774227418
388,1,5.10455056206934
394,1,5.005957704545144
94,1,6.1004310533597925
206,1,4.535820107853298
183,1,4.334672938290411
77,1,6.419685434004699
277,1,5.975309758351282
148,1,3.6027767550605247
73,2,7.692414526548134
22,1,5.760351826144095
128,2,7.280352783464685
35,3,6.597895761585653
60,2,6.000176487710004
69,2,7.264926099953529
170,2,6.373780434317173
64,1,5.3045976045051875
22,19,8.619031110007743
53,7,7.466330525742312
97,1,7.242855145763071
164,1,5.406409148898877
48,11,7.942923558427032
209,1,5.212977319381022
34,3,6.76222070699491
32,17,8.934618490443116
279,1,5.3064343346499845
83,2,6.3454960001012966
196,1,5.957287095306396
29,7,7.75969947128908
27,7,6.841359033342451
246,2,7.289473993360301
23,3,7.211815002542458
46,5,6.7438000243454495
85,6,8.921960722941089
93,2,6.480673198649006
107,4,5.82994511794329
35,1,5.222569589109762
31,1,4.181897459229962
44,1,5.759217181544302
125,4,6.246106765481563
94,1,5.762397234916117
277,2,6.533439939866189
29,12,7.881348414329236
265,3,6.497076603821085
21,2,6.8840361923615445
30,4,6.989961797773115
101,3,6.868213714361528
84,1,6.130030121946894
177,2,5.551796117658319
318,1,4.100989104940769
27,1,4.915078417198038
196,1,5.686263238437263
56,1,7.0694914021669835
23,1,5.204665810466581
88,4,6.444465064255539
336,3,7.425101596738257
249,4,7.680988243210912
134,1,5.694943525988997
218,3,8.13043893836719
21,3,6.1536046548618595
304,1,5.241058947707755
118,1,4.92224114333366
277,2,6.152477342955685
389,1,4.410371107683024
72,10,8.108526965192164
24,9,8.347170887764534
38,2,6.1445074707427025
305,3,6.417712194398675
29,94,11.78633762986588
178,1,6.214528095222021
132,2,7.168140663681035
128,2,5.60855562471318
71,1,5.135798437050262
28,4,8.480595594882418
324,1,4.547011271814559
388,1,5.254731138385114
43,4,7.094043956337202
27,6,7.399361385410287
29,6,7.66407442236403
384,1,5.731851494583793
298,1,5.17660160786394
233,2,6.680001115110244
57,2,6.433840009236244
46,5,7.918595901714208
24,5,7.091034710201204
80,1,6.206273461632134
27,11,8.687185723840782
22,7,8.372160482925738
237,2,5.956355369994414
67,5,6.54363842689435
45,1,5.851426316568763
23,14,7.761459716217248
132,2,6.093569770045136
114,1,6.356281256738337
212,2,6.469374340112315
73,1,5.8187170127483006
189,5,8.037662725630957
48,2,6.9208886573721
212,1,5.031417833278784
23,11,8.0080028964376
335,1,5.448115731636431
218,1,5.318365061851814
24,1,4.047427642434349
67,2,6.654294262714591
30,1,7.988332577163207
119,3,7.007274769014954
36,7,7.2174581051031845
71,4,6.3787996283436765
116,2,5.549231714807603
112,1,6.104904833330228
36,1,5.7251198713035585
29,2,6.510764164953352
128,2,6.451954312734866
165,13,8.378726210216813
70,10,7.993191138533614
206,1,6.1149203510349
273,3,6.894751089846883
53,24,9.108147057659098
34,4,6.71004796613905
134,2,6.996672339003853
35,13,8.231886961081788
22,6,7.610704264514343
43,5,7.227698808890057
46,3,7.139961638705089
24,6,6.888185024685261
78,1,5.111987788356544
85,1,3.4339872044851463
66,3,5.894237531346878
74,5,8.40236129685611
58,1,4.505349850705881
79,1,5.685279003091641
106,1,6.058024461353231
36,12,8.934349688113986
50,3,6.245214895015092
175,4,5.934100229718411
104,1,5.438948496287782
83,2,6.818869418973696
42,3,7.4458029964289425
37,10,8.329978884618386
76,7,8.089789175789319
104,1,5.365976015021851
281,1,5.645623560482669
34,3,6.893798332352932
86,1,5.798395441767263
44,2,6.818508678467918
281,1,5.750952279132591
95,2,6.450265029804588
71,3,6.032054514712074
84,8,8.271149420215695
23,14,7.801706327954505
28,1,5.339939041238856
50,3,5.977340267437464
32,4,6.6921705873707396
24,7,6.9881456185324025
277,1,4.681760788149804
141,1,5.0670156275323635
325,1,5.814667700956727
332,1,5.740242971658976
184,4,7.119214837519414
281,1,5.137032968819882
294,1,5.09650713317022
67,12,8.063733552538427
22,8,7.029167277535796
38,4,7.152785558853802
182,1,4.569024739351738
21,3,6.734651111237791
120,4,7.635448803294666
298,1,5.7648148564644845
71,1,6.541462805948445
36,7,7.402012400028577
85,1,4.131640346965797
25,4,6.405839841345903
119,3,6.378511069692128
56,3,6.29701723466291
104,4,7.684816126912939
198,1,4.90852873782488
43,1,6.405558981914201
27,39,9.91920537778818
31,9,7.887035833379008
202,1,4.724818148253987
51,5,7.0954291532027005
93,6,7.668561108015897
58,2,5.254731138385114
81,1,5.091600652919361
391,1,5.450609176890295
55,7,8.675194732863512
32,3,6.217005223021913
80,1,6.318697806946573
290,7,7.733368284651133
86,1,4.000949214622548
57,3,5.410082329878857
94,2,5.979240132485259
57,2,6.563559290839203
126,1,4.874051628976154
44,3,6.281163334622208
109,7,6.7830080495241205
21,17,8.43802227029302
259,3,6.13591115147301
300,1,5.706545321145129
157,13,7.768964497587981
36,6,7.56103313608661
43,1,5.144583266605995
42,4,7.3827837624756185
69,17,8.224321677072908
32,4,6.6718810351891085
77,3,7.807046331628367
119,2,6.630854874895033
387,2,6.104904833330228
43,1,4.484131857611035
50,3,6.244593993912448
27,6,6.914214374042875
69,2,6.201482331203264
95,1,5.8981972791375386
56,5,7.464859343751673
21,3,4.340683671139499
37,1,6.018544551511725
38,2,5.738151694735743
53,3,6.768217311522724
200,2,6.485123665952063
76,3,6.443033675245956
34,8,7.4049909765960935
315,1,3.9512437185814275
149,1,5.381278887262384
196,1,5.468903667123571
325,3,7.315218389752975
35,9,8.70923237872341
234,1,5.373934913006625
70,1,5.912827101590909
43,3,6.002898924733645
48,4,7.688322503016188
51,2,6.27899035735146
28,3,7.05995262372054
98,6,7.07599481456678
337,1,5.244072351695641
49,2,6.06159676928836
30,11,8.505169191997805
239,1,5.713402718033191
181,1,4.919980925828125
147,2,5.721131112990814
111,2,5.5659752871688895
91,3,6.587178044826087
86,10,7.590690494465665
90,3,7.570164862795215
36,1,5.1210430509755955
221,1,3.265759410767051
49,2,4.855539723555893
27,18,8.963906443230194
105,1,5.693159584352287
29,9,7.907044346355461
378,1,6.105975568893946
50,5,6.88698097976566
56,2,4.6872108963243
37,3,6.392386015166274
77,1,5.068023311204986
24,6,7.706329472988882
168,3,6.823775665186862
105,1,5.948557046096705
45,2,5.994111042048887
45,1,5.541773219174124
78,1,5.243861180751978
266,1,6.030011956720221
274,1,5.257234921446806
67,9,7.678876875928912
23,3,6.04784488054409
56,1,4.539030383483547
35,11,8.200277277250853
93,5,7.407766638812221
224,2,4.718498871295094
99,2,6.7310896969643395
66,6,6.921786381061758
32,1,3.959097412814075
318,2,5.6642790548785005
49,3,7.093869634014788
90,3,7.2402338371895825
92,1,4.290459441148391
263,1,4.467056883858457
46,8,7.411936880029324
49,4,7.132193991213236
93,1,6.577263125964925
57,1,6.064273461565794
35,8,7.937403267183711
217,1,6.578570424771492
184,1,4.730392150741473
22,7,7.253406686388446
338,1,5.499746864955492
77,1,6.949098737516397
21,3,7.639406569843014
24,5,6.880671810572395
71,1,6.448525403859796
92,3,5.809402956519885
165,1,5.44432066066788
128,3,7.7279755421055585
137,2,6.094224183409496
46,4,6.9858730582460895
49,4,6.133961875336526
248,1,5.101085197018328
30,2,5.802480847440477
37,2,5.839740088291405
258,1,6.067707738058715
42,1,5.278114659230517
25,6,6.538573882951219
305,2,5.606867674804115
330,1,5.687551461545784
58,10,7.479914919942974
36,7,7.310282743102959
266,1,6.288936046379463
24,3,6.658550053340068
56,5,8.115526858815217
34,2,6.07706868440013
69,1,6.065365354947517
43,2,5.0466457316192885
171,2,7.255909020377188
39,5,7.109094841611854
331,1,5.176714544788788
291,1,5.930918047239948
52,1,6.313258149188531
100,2,6.907585264530499
242,1,5.084505142662711
135,7,7.544861068658458
78,1,6.332373356142771
64,2,7.149759837937266
63,1,4.684350983862532
31,13,8.721235469428047
24,11,7.916413683912539
35,9,8.354229457125124
31,6,6.973486838166717
66,12,8.63523592668109
252,3,8.718977448456672
27,4,6.703715581466999
274,1,5.967402360757223
266,2,7.123874215359383
43,1,6.467698726104354
23,3,7.423813190425784
126,3,6.911039878773353
277,1,4.8846940707384086
23,2,6.330700817409045
238,1,4.984428201927082
48,1,5.178970608915471
76,2,3.7898553714539385
34,1,5.249494701850468
31,12,7.7113699125680535
50,1,5.9456561829510015
38,4,7.541767976916558
207,1,5.349390636732037
24,4,6.074725148725943
74,6,7.812491514016605
345,1,5.216022123821206
67,4,6.288954613550847
273,1,5.940697430054329
21,1,5.950824827641287
176,2,6.714655849016304
91,2,7.504787956356414
104,1,5.074673690192145
28,26,9.055036527510087
324,1,4.911919321157098
35,11,8.19695211394543
46,2,5.234312036572124
74,3,7.329415206879082
321,1,0.0
36,5,8.189152905769904
48,2,6.4396698088923054
317,2,6.025672718437719
36,1,5.027099020126921
23,11,8.508073735291044
48,1,6.871060173794348
238,2,6.724373159990861
29,2,6.226437850175769
53,2,7.411133237612971
339,1,5.377405772867
165,2,5.429608752229212
45,2,5.924683513417631
255,1,5.017279836814924
45,6,7.1122214896276175
35,9,7.355347130055989
21,7,7.235943296015653
85,1,4.960744524482791
99,2,6.405773763870038
79,1,6.163377959935002
49,4,6.207382053330452
43,1,4.626540211724284
160,6,7.31966623457369
46,5,7.701489600753466
48,5,6.343370638121583
84,1,5.484381909620826
287,1,4.9913845145041185
48,8,8.57281141977923
345,1,4.353369925424078
262,1,5.719097925433975
38,14,7.805971649248236
84,1,6.726868692126177
314,1,5.1101185725812055
25,14,8.173708021562236
150,4,8.08005473699317
29,1,5.914853444736141
84,2,7.693736849834501
22,4,7.0587581525186645
346,1,4.1264890155486675
147,3,6.853077315691361
27,11,7.566683616155399
77,9,4.589040804058207
39,1,5.18122159467179
184,5,6.732532466377506
212,1,5.013364898667122
325,1,3.40452517175483
22,32,9.735394883276099
46,24,9.3033961944436
168,1,5.020585624949423
35,4,6.983993836967935
48,4,7.851131854943212
88,3,7.709124377480927
23,10,7.734865009205049
268,1,4.869225327808716
32,3,6.396129335045377
108,2,5.456388921118531
144,2,6.41088186883415
80,12,8.105153518140918
37,5,7.17011185111235
112,2,6.248042874508429
36,5,6.985179175946941
143,1,5.8822075611710325
44,3,6.309681886651866
43,10,8.815816687584777
35,13,9.144891569992017
274,2,6.54629748686697
308,1,8.384175952306427
127,3,6.71572272269298
39,8,7.748421196571293
217,1,4.289774274968795
252,1,6.169359654949023
178,1,2.7027025947756145
66,9,6.052512608672916
192,3,6.149536101678477
204,5,6.924041928544818
169,5,7.4193745876968835
56,2,5.491249102454007
50,7,7.230215518769794
293,1,6.0063531596017325
259,2,4.947695494322382
310,1,5.045036720813588
41,1,5.5902404332570725
112,1,4.90527477843843
30,7,7.672632248916686
30,17,8.630780771778452
91,1,6.364492547959484
135,1,5.933146637783467
46,4,7.35502110250697
45,4,7.3657938616973695
34,5,7.299594643508488
94,1,9.382766463078516
45,10,8.097718404438973
225,1,5.094179556473186
76,3,6.37519516307014
249,2,5.8365343969059404
311,1,4.894101477840304
22,5,7.591155108087202
88,2,5.524974737162043
23,11,8.323928779379699
112,5,7.501783535671927
24,7,7.646707219442567
79,2,5.799213859236143
42,3,6.816900160638051
45,16,8.468647697312644
49,6,7.481313419040265
386,1,5.733341276897746
384,1,5.084814692270507
253,1,3.6699514442284173
69,4,7.187710072768178
244,1,4.994234872728475
206,1,4.521353699894981
60,1,5.390668627612223
106,1,5.739503481230614
59,4,6.954486181469743
60,1,5.741591936051748
134,1,7.399789444048626
62,4,7.2652199110351185
304,1,3.713572066704308
67,2,6.781761124166734
56,1,4.138680376042152
45,4,7.746810692109499
72,2,6.443845047224953
81,3,7.166397239649218
34,3,6.043036552651969
100,1,5.467089205794908
36,5,6.644401525131453
73,2,6.82991264936105
240,4,6.919417015831408
56,5,6.569214905238887
69,1,5.1800404589569835
74,7,8.072386242819173
217,2,6.616306119961112
76,2,6.419603972255019
50,1,5.289831462897738
81,1,6.856388297669246
72,1,6.4806578707468585
113,2,5.7660997807210626
87,2,6.534239317847378
66,5,7.66019914121263
43,32,9.202223519274229
104,1,5.063860055333554
102,3,6.081807867005583
87,4,7.481538800358235
389,1,6.0803450096018565
86,7,7.2231935591038505
42,6,7.484250658798145
156,1,3.248434627109745
106,1,4.787074989285704
39,3,6.592331951548632
86,2,6.345004582351227
65,6,7.527051377466202
53,8,7.509368142188493
22,7,7.784086144596647
28,3,6.604011572983006
267,6,6.616827946365326
115,2,6.719315041180005
204,3,7.1765602956642285
25,11,8.651223959332162
46,5,6.609497480158171
147,1,4.8154311114712876
97,3,6.449158345318021
37,2,5.516810119646819
35,4,7.444733911854839
41,1,4.682223815430383
386,1,5.461201229449516
24,1,6.06085067459299
282,1,5.164900253107685
53,4,6.191339471482838
22,37,10.32555605821101
50,6,7.1689265243930045
90,2,5.45621814880031
126,1,5.87450929374528
67,3,6.104257374583104
185,11,5.923881395784186
29,2,6.052653715420404
48,3,6.412474866551609
111,5,7.230266223015561
24,1,4.602165676967792
100,1,5.859360706474645
44,2,6.490996638329175
330,2,6.340182921330258
37,5,7.387950546597703
151,4,6.414147244833211
78,1,5.832849751258659
101,4,6.740365683496054
207,2,6.42745886025097
319,1,5.612982110329704
127,1,4.7153689782861665
35,5,7.328614618863514
119,2,4.82895353258964
91,2,4.94306997460049
184,1,5.490795503551361
35,1,6.139345613921645
43,4,5.879722602262234
50,5,7.793157845402886
25,6,7.456125211520464
228,1,6.416862992923597
107,2,5.6580875153940715
77,8,8.856897342627713
22,19,8.38264642633267
36,2,6.290698390195733
93,2,6.587756605053813
32,3,6.8043594986338976
81,2,5.84267447352282
169,1,4.565909472034789
86,1,4.707726774313183
30,7,7.201088851580109
63,4,7.324918364836111
49,5,7.24503433289587
352,3,5.88984701772899
183,2,6.878450044589548
158,18,7.66984066286809
69,1,5.1951766076285235
32,16,7.8711967366426245
102,4,8.299484842591967
21,15,8.32976421392602
31,5,7.288893540932565
148,3,7.3371777701160505
38,22,8.494364590476216
58,1,6.0537583632793694
41,9,7.979626525125769
36,2,5.823164231676282
36,6,7.457643911158978
48,3,5.998117367938082
55,9,8.017927163996932
42,1,5.690798547097907
386,2,5.535284924455317
58,6,6.663285940953175
63,4,7.311665846083971
65,8,7.906123569891746
43,4,7.221543598518397
100,3,6.661163964930364
107,4,7.276881384484562
186,1,6.311516999590213
95,1,4.7098904967584945
65,1,6.197400900084471
28,5,7.466233277022916
30,6,7.008984271640512
24,38,8.94722602626808
326,1,5.911528083790314
179,3,6.802850215145938
43,5,6.229831630193678
240,1,6.5928253320372185
92,6,7.650211536671941
24,2,6.228116448446984
195,2,6.181588915964958
49,1,5.423186348593906
80,4,5.949130994091903
42,3,7.305974196751329
234,3,7.7167725555844955
195,3,5.485667923363432
85,2,5.614076561571708
381,1,6.070691537559284
99,2,6.758187415326246
109,5,6.299867942373015
42,1,4.852030263919617
80,5,6.00423268638566
39,3,7.44607154840996
50,7,7.366002572529271
21,11,7.920631740437361
21,1,5.734247015460021
94,4,6.806032582872267
79,2,5.633967837040506
28,7,7.772963220626976
31,3,6.916001187835988
41,14,9.362778157065069
25,5,7.484351789211518
41,2,5.792464677261214
22,5,7.522178465316966
74,5,7.78206918310609
50,8,7.92919490412368
88,6,7.620067628803093
23,22,8.344844935508668
69,9,7.659534509269334
169,2,5.781638177191837
56,5,8.233821814551542
29,5,6.6060689362240925
28,9,7.236303344986202
46,1,5.737088293362674
87,1,6.052700746578555
45,8,7.392173270351657
37,3,6.743776460835899
50,7,7.574815124778764
50,2,4.897093252697127
101,1,6.193016672178715
87,1,5.5662430606341395
65,2,6.7429160125246295
127,1,5.4275018249288625
56,1,4.257030144499196
73,6,7.292514151663234
133,2,5.788276797632642
245,1,5.276071757600717
74,3,6.8203219948203735
300,1,6.38856140554563
53,2,5.040323537798081
83,5,7.576302342673849
62,1,6.161207321695077
44,10,8.949066512800703
44,18,8.906501816956297
248,1,4.871219958312759
99,4,6.9836231302112655
259,3,7.1416567557492705
32,3,7.1820937198423
24,14,8.478901326749607
30,5,8.279222763202595
205,1,4.928412433838423
57,1,5.573673789309181
70,1,5.428028973069694
38,2,6.273159985371807
73,4,6.736136245321318
224,2,7.11953854592571
55,1,6.095216269351388
105,2,6.14515083340697
53,9,8.037549647133359
49,5,5.974140345974778
21,4,6.5085455650364805
22,7,7.265450702054875
39,1,4.749443675144516
70,1,5.736862577924392
38,4,7.089318214762589
21,8,8.485347456135658
78,2,5.775482788821392
260,2,7.517803419372369
52,4,7.438589391206386
64,2,6.410174881966167
37,2,7.234451312446217
32,4,7.280022036386714
21,12,7.414512638572174
76,2,6.349733220385172
109,1,5.780897824873725
93,9,8.284610228707281
203,8,8.00823249425976
71,3,6.416111174632075
38,12,8.417828001158599
144,4,6.631632802877041
88,1,5.588745664667843
22,8,7.756366562166154
303,1,4.8234217912218735
223,2,6.784004471545962
24,1,5.709300555340106
30,2,6.449964765095288
21,5,6.798877473796271
38,10,8.425917462260196
24,4,6.638227417110398
35,1,4.9682148004345015
113,2,6.341945346883387
22,6,7.536726539323518
232,2,5.7844096268933525
71,1,5.805556566778607
65,1,6.281855447370681
23,7,7.472449577993657
55,2,5.7907244047900095
104,3,6.840749717200775
234,1,5.726847747587197
387,1,5.781946495625555
101,2,5.607418406373117
69,7,7.818615291156305
94,2,7.315870206549027
24,5,8.191335619385107
144,2,5.68391984555995
31,9,7.316395341583945
108,2,4.998022756045412
344,1,5.12455904041457
83,2,6.929418918618163
249,1,5.891229761312137
43,2,6.086547428354674
115,3,8.258124490608534
94,4,7.625707260961003
52,3,6.720883385089365
290,1,5.637642672151656
198,7,7.549340708070521
99,3,7.148392912598927
281,1,5.964992226776867
35,4,6.598386405292769
303,2,6.73744134131246
35,7,7.388216536126707
88,1,5.090062427727577
266,1,2.9258461460898246
45,2,6.623480727663696
195,1,5.88707578137045
25,44,9.410338932515346
73,4,6.304448802421981
179,1,5.6267214285197396
55,4,7.940042562811623
333,1,5.650487177597977
248,1,5.467553683793335
58,2,6.047821250775306
203,4,6.497272603912174
251,1,4.421247347827163
197,1,3.0726933146901194
86,1,5.754697364124307
83,4,7.350406981544118
246,1,5.147494476813453
37,1,5.366349776939864
381,1,3.835141961092188
288,1,4.750914200040797
246,3,7.029725093391344
239,1,6.232840866683252
57,6,6.800748965296969
102,3,6.149002341324198
181,3,6.610278730197908
35,4,7.076983153098244
31,4,5.525134163228542
37,3,6.317489543722835
79,1,4.825590031380704
259,1,4.085976312551584
36,2,5.484257368864703
56,4,6.714340418390228
32,2,6.192853166619162
252,2,6.360974271733167
30,1,6.806110075219936
182,3,5.602672173287069
66,2,6.169401505584112
41,1,6.821238325199753
329,1,5.405780669797565
48,2,6.200143995811369
56,5,6.294066019756907
155,1,5.6722918075648305
87,4,6.901143469061078
275,1,5.902906520126191
28,1,3.594568774642695
274,1,4.864375620447323
240,1,6.006599434692252
90,2,6.522680860521707
44,9,7.6603169376652085
218,1,5.783209608287523
74,1,5.25525327707701
83,3,6.471047151134041
158,1,5.3287010711824765
29,21,8.966217025775817
88,2,5.524257005164247
87,4,7.481938727137536
240,1,5.672876431960318
24,10,8.364878491812021
28,16,7.5801792086019715
48,2,6.0488604327492705
224,1,7.01247558975254
29,13,7.144115109258963
132,3,5.8116797699659974
255,1,6.954638864880987
34,6,7.725859698946466
36,2,6.41763057174018
262,2,6.984808908424428
49,11,8.560131983937929
38,5,7.260030558576182
112,4,5.802812998119156
49,1,5.324228748332538
56,1,5.114694964021034
77,4,6.993850403006858
27,17,8.303863823073632
48,6,7.085014041433629
53,10,9.028185201339284
73,3,6.6860856409239275
52,8,7.712381220507991
46,3,6.2742911005833655
290,1,6.001365371785244
21,8,7.606650905521729
248,1,3.941193382727926
52,6,6.492482229882887
388,1,5.940592216734226
92,2,6.829631562200558
90,3,6.495854506338738
210,4,6.6454160142021514
62,2,7.150285684896527
32,3,5.323497665078335
49,3,7.517596934665088
175,1,5.723487057930536
37,3,6.967692605841965
204,1,5.093382034882496
328,2,5.880393311842194
73,1,5.298717286569364
379,1,5.838779459442334
52,1,5.3649474488457995
29,2,6.08354223530889
24,47,9.909369718626857
95,4,6.398228810947766
139,1,5.457029057702858
58,1,4.414009680526933
73,3,6.129594724095235
35,7,7.425167165622864
277,1,5.526488259576272
73,4,7.202623965748275
42,3,5.922168058105326
91,4,6.885315377132544
95,2,6.409204016091534
252,2,6.145322326901356
302,1,6.705382023876393
49,2,7.0492895628752565
62,3,7.848153086199526
71,4,6.818814769685489
101,3,7.323065101805225
39,6,7.115606496318043
71,1,5.966454384103814
225,3,7.267176448588895
108,8,7.841426098327825
46,9,7.852975488901306
87,4,7.349005718893091
25,4,6.842085451492117
50,7,7.764410649560275
198,1,6.322780656579824
186,2,5.532242586226923
330,1,6.1872369016260595
302,1,4.724906867590425
102,6,7.659029848218691
37,3,7.1627385244706785
38,7,7.921985458377612
24,13,8.26024722144354
94,9,10.030613473862132
21,27,10.073791772858593
157,4,6.491209000863155
52,4,7.146843043083483
126,2,6.6111804495820445
35,12,8.285586427939522
92,3,6.493753839851686
100,4,7.760974146984277
191,4,7.407099240004541
21,11,8.03479952164448
80,9,8.00778656040366
79,13,8.416141158679531
95,2,7.17281590499737
63,3,7.242118149597153
30,2,6.523268577259164
379,1,5.0912931971137105
42,1,5.46234765336974
29,3,6.388376514504754
186,2,6.348719322911723
330,1,6.251518452442289
84,3,7.4681707470881245
41,3,6.793253105407027
41,8,7.055330099446257
34,3,6.814927016670943
42,9,7.6735254010119345
99,4,6.521754505661576
36,4,7.163195628376804
378,1,1.3737155789130306
322,2,6.05338244992297
37,2,5.7058137435652805
219,10,8.746325176216784
35,7,7.807953213623034
143,4,7.341542178594752
340,1,5.226069202340413
67,2,5.660492158557335
74,5,6.966156253856614
295,2,5.905361848054571
161,4,7.396819838966524
22,19,8.780890413255038
42,4,7.708383724819884
21,8,8.869564086209797
22,3,7.011637702800233
107,2,6.462654971833283
28,1,3.942552210462969
39,4,8.127797279426828
43,8,7.257009759253384
357,1,5.781977322241258
125,2,6.405889396587618
52,3,6.975628857627836
53,3,6.859856217662602
231,2,7.271307520007092
79,3,6.804692122372995
76,2,5.667567905188549
220,1,9.294514227005408
25,15,8.575845045075136
91,2,6.352158902379387
36,2,6.536836514626557
30,12,9.625118644293586
64,1,5.173490833601192
57,5,8.019563451077643
64,3,5.764438468529548
207,7,7.928406026180535
57,1,4.932313327320786
344,2,5.005421727043368
214,2,6.209595556598647
94,5,8.118207049405783
59,1,5.731916313899973
55,3,7.3937798842820515
95,1,5.817765707604913
32,17,8.295840535491127
28,9,8.157416298547462
99,3,7.477298766680135
69,5,8.22213733263451
52,10,8.093306442011624
155,3,6.644973927545967
258,1,5.799759099003687
35,3,7.670820236505398
381,1,5.107641005371328
48,15,8.898648353863928
199,1,5.422303346329028
121,3,6.8403005097235425
129,1,5.8045022386644325
53,2,6.606920419952056
218,2,6.071776449314649
168,3,6.920246932393394
66,3,6.4749241128107835
22,10,7.716589967780409
140,2,6.692455881690976
234,2,6.610494140083362
31,1,5.8763342398543505
41,3,7.731829839667058
115,3,6.261300826414174
101,1,4.240463070352095
46,3,6.415064225411629
63,1,5.9317410816281795
342,2,4.999237249143887
45,14,8.500187409299715
113,1,5.559141984829935
22,29,8.960677008508748
232,1,4.91705694713669
298,1,6.393038762166311
43,7,6.322026495189462
129,1,4.824305715904762
46,3,6.689076744627086
37,4,7.2248772145636515
340,3,6.027844691200732
192,1,4.367293635071817
51,7,7.6886431538485045
238,1,5.580220271735778
60,6,6.979117341717783
49,14,8.343710853369451
31,8,8.207388201876686
45,15,8.29996212685363
28,2,6.619352947205873
29,4,6.468102371336729
87,1,5.861782877638206
60,2,7.21799353714728
23,2,6.195629131824389
217,3,6.353030012926128
287,1,5.411467464480692
36,6,6.978893846815331
51,2,5.996825153350078
381,1,5.7411745938732635
51,1,4.759263721325492
24,12,9.889782059880003
79,2,5.661570625846892
60,20,9.571803434557461
29,2,6.536619131197564
317,1,5.291796149557771
88,2,7.687832166530142
382,1,5.751429128123554
102,5,7.1070076964360736
161,1,1.55814461804655
23,19,9.034345161586455
51,16,9.87211865305658
346,1,5.314928632353234
77,3,7.611545619640562
64,1,5.50594110620421
87,1,5.733179451506989
34,5,7.268892253240758
168,1,4.388008706351429
53,4,6.976039899718727
202,1,6.170279964572649
69,3,7.697534492586069
111,3,6.822818112965189
22,5,7.135464392239267
48,4,6.946581683636809
67,1,5.924309271920574
28,1,5.869833492313257
335,2,6.369232951525817
41,2,4.809742351716865
24,3,6.9910940870052425
118,2,5.511410582008745
90,4,7.6197340272772065
84,4,7.302226845615436
87,10,7.5407914558012985
76,4,6.844836778235963
57,4,6.616814569602102
105,2,7.317013185328998
62,2,6.019614590524328
57,2,6.783857335325853
200,3,6.348544409056351
220,2,6.5760377209406
78,1,4.169142772297287
143,7,5.667878920309847
119,1,5.677198908673179
134,3,6.379274719977426
21,60,9.562368837735166
119,5,7.374215136479505
22,4,6.933598448939655
21,1,5.5597196299793366
67,3,6.577096113675216
92,2,5.266465437098854
32,2,6.000201270550366
59,5,7.169580936888691
225,1,4.486386649998124
176,2,5.261964537082238
211,5,6.490753883055643
260,1,7.578651738107256
28,3,6.729023272038716
45,3,7.120832332696083
332,1,5.648128810465367
23,7,7.427025149530791
34,5,7.550792675056632
197,3,5.993013347097833
22,14,8.520180724292443
39,1,5.4089638866351
100,1,6.753449587141137
62,1,5.204281374621442
79,1,5.880951893060461
69,2,7.2114017397531045
218,2,6.42965495982885
98,2,5.62718936582468
84,4,7.060982675571715
24,2,6.104212706799736
42,5,7.603708518872544
198,2,4.977767690470639
219,1,5.742458167518031
27,6,7.8415676072057785
65,1,5.001661819297148
247,5,7.2901086908595385
81,1,5.690528358977785
178,2,5.903998521326706
354,1,5.794841205603168
336,1,6.049025657632513
224,1,6.851153180958081
206,2,6.331946590839425
62,3,5.895559190220911
50,1,4.397899983830172
28,54,10.563181873846336
50,3,6.889285762698476
282,1,4.771108263531522
35,1,6.1110459647057445
199,1,5.724499716244923
197,1,4.6913478822291435
319,1,5.474033824289855
301,1,5.982676041074902
28,2,6.932984333027912
374,1,5.777280737165245
109,2,6.05173616544955
128,2,6.229989200460494
49,1,6.385126943096995
32,4,6.710364753431219
378,2,6.166971268906583
28,5,7.363089334243436
21,15,8.928791453227849
286,2,5.808652870224797
192,3,6.57299557513923
149,1,5.776970976607677
28,3,4.3633533694082605
134,3,6.869949564246238
25,1,5.3338292875493964
132,3,6.905362418373325
44,7,7.653400028499837
35,5,7.578656850594762
174,1,2.7631695003232895
217,2,6.231366882237147
37,5,7.965358055549669
63,3,7.906915488678587
79,4,7.182352111885263
31,23,10.240694519177124
247,3,5.440077311585869
46,1,5.765316486773473
30,3,6.131530791004823
30,11,8.160321085185155
46,1,4.338597076746545
74,3,7.1921670096910555
135,2,7.50647638879814
161,1,4.791649752930709
248,1,4.954064942607862
155,2,5.337970678424688
186,2,6.320174592864931
199,1,4.750914200040797
197,1,4.752296250878385
43,4,7.120711111268835
340,1,5.730424405602622
25,10,8.806695106948641
37,5,6.312768757202979
102,3,6.341593110176681
39,4,7.057088659949111
60,1,5.4860409726309864
223,2,5.637286483367837
177,2,6.253117019850299
83,5,7.34706127025902
168,1,4.86221262230776
95,1,5.692822634419859
343,1,5.067645548813036
28,15,8.521219076654218
56,13,9.033402696050894
167,3,7.108162303322477
199,8,7.381009868126658
76,15,9.012909644367278
25,16,8.109149762293272
98,1,5.354224998486333
91,7,8.131921810585272
133,2,6.4314276956237135
24,1,5.604772124323102
387,3,6.17860779418115
161,2,5.607528516299639
42,23,9.10849035397148
21,34,9.327051722471998
50,5,6.859363035631714
21,20,8.427266295702049
190,1,5.771441123130016
73,2,5.781021254997003
282,4,7.181340962548159
57,2,6.223845303774674
22,3,6.922190586778393
65,6,7.880430125003589
41,6,7.440721970231179
28,7,7.4701386621617205
381,1,5.953658832372083
97,5,7.326340606027171
43,2,7.361369075717014
393,1,4.480740107609915
49,6,7.949289150610468
156,3,5.984918166237948
147,3,7.317165926535884
95,1,5.863204948412558
102,2,5.733794248724172
135,5,7.4322115815177625
120,6,7.630786451622126
298,1,6.45661265737732
49,1,3.9672684796541247
21,91,10.305396344441515
322,1,5.917898735650893
100,1,6.922230012736449
35,4,7.319050028330509
87,6,7.615958545696066
84,8,7.968461456695393
339,1,5.845715970544868
32,3,6.011144617874809
51,1,6.1450436350362825
28,3,6.258892890532495
134,4,6.537777963803526
31,10,8.363692300430476
49,2,6.826339128567769
300,1,5.619675965359201
50,13,8.464425125877582
268,2,5.724956709887608
72,2,5.684191824891197
44,1,5.482553755546763
56,2,6.1459865865441525
345,1,5.67805432608347
25,7,7.150983770679613
72,4,7.647418611533148
265,1,5.098157651624202
38,2,6.3460222512755795
70,4,7.252535763473794
34,4,6.965155885713242
388,1,4.974662633637438
296,1,5.679353160733027
233,1,5.589493328254074
118,1,6.3692843543958215
225,2,5.2953630067216
67,4,7.345661762115635
161,2,7.740081623439195
24,5,7.160045897301134
85,4,6.074771153234392
164,7,7.962123056328662
160,1,5.4289069362516384
50,1,4.273884476054179
67,1,6.255385291938897
23,3,6.706776758368908
30,6,7.212471443989697
29,2,5.7002763353269135
81,1,4.529152699564175
109,2,6.793398865743655
44,4,7.607396328658398
98,3,7.40784548379393
23,5,7.06722606761508
205,1,4.6709579265260945
133,3,7.350997751424331
79,4,6.69322453076615
70,2,6.2128064764755635
115,2,6.594919487646816
375,1,5.74210534897536
46,2,6.218042195156474
106,1,5.13373749123024
325,2,6.1501549069772725
51,4,6.715613662849313
28,6,7.75943068676945
318,8,5.205927917254689
275,1,4.658710952916121
207,1,5.493596279713942
30,9,8.188480769406464
52,1,5.879974171074619
25,6,8.141941040475661
64,1,4.6709579265260945
112,2,6.457162043256225
37,2,6.983048263017569
34,4,7.780929719782664
233,1,4.4942386252808095
31,38,10.588304886049512
43,1,5.1521927250659
252,1,5.655502180480969
67,7,7.921118273643772
71,4,7.12931357444199
378,1,6.052794802259588
113,5,7.618142983924485
93,2,6.542399911801849
113,1,4.915591745409362
50,1,6.041919990596475
57,1,6.029963846258592
176,2,5.853351244978348
286,1,5.520660597691477
231,1,6.370859427482962
30,10,8.062287807862091
130,1,5.950147638471271
380,1,4.118711918670395
36,2,5.849929784214748
27,7,7.129393698153042
25,1,5.8414552797812735
163,1,5.70813963509761
21,6,7.363666322570674
66,4,7.135217491440363
30,4,6.843920510152809
202,3,6.76844723358016
220,1,4.830311739964974
352,1,3.6176519448255684
56,5,7.359983100544423
379,1,4.7561730595246186
65,2,6.2904574107056295
267,1,4.860432367183761
93,1,4.9247142315886165
25,7,7.818788212829251
57,1,5.3260298051145725
79,2,6.982120360937444
119,5,7.75696559517367
71,3,7.0466559810310745
78,7,7.287526439998498
309,1,5.86879113553233
36,2,6.742974970964842
24,3,6.195731042652502
394,1,5.512864070636728
39,2,5.491661286623727
85,1,4.411099882159589
38,1,5.000248201209769
73,7,8.091085483333597
39,3,6.916457306276038
79,3,7.331878568908834
49,5,7.511398888706521
21,13,8.555118835560318
45,3,6.793488553853314
38,2,6.52212220950234
48,1,6.2904574107056295
247,1,5.430222437427975
51,2,6.23423423955737
296,1,5.269351888255022
23,9,7.833013680838553
340,2,4.847724130822124
206,2,6.747422194078602
86,1,5.528833672191659
30,6,7.525478236895241
31,6,8.597149741532164
259,3,5.653891705042736
73,8,8.412416949481717
333,1,5.701446414858653
27,11,8.283160568769858
245,2,6.005613970212401
357,1,6.252173596308333
64,2,6.471727865291332
52,2,6.009550014654367
50,1,6.794754539894893
93,4,7.661743528520375
39,12,7.361038650545777
52,13,9.240091388753038
97,2,6.413229422629599
91,2,6.0738736833487
121,3,7.274167659826601
27,21,10.387535842189102
224,2,5.666772649022301
44,2,5.7623029234682095
46,1,6.432505914896334
80,1,5.636894529114569
24,19,9.764467409959455
105,4,6.520576943961113
48,7,7.514456377288726
62,3,6.397512818476727
28,8,7.681292799092348
73,3,5.856045660000246
38,14,9.337895944903615
46,2,6.087796931555805
53,1,6.156406788013439
72,5,7.078004254541822
27,46,10.069739939002078
35,7,7.730829238345111
45,7,7.870555480981036
21,5,6.9808849155788
77,3,7.217905540608421
69,5,7.321651412568154
21,2,4.787491742782046
207,1,7.4274236898079655
22,12,8.446871580402927
27,8,7.004963656069542
279,1,5.658924569014374
161,2,5.552378020496968
56,2,6.408364032841809
25,8,7.262481325052536
93,1,5.443153370593485
78,10,7.6711139215792175
94,4,8.243556025885042
28,9,7.359932202512257
143,2,5.5581399421207385
247,2,8.386647052769494
151,1,5.254104211871711
32,2,7.27519309486023
390,1,4.877637092633392
69,7,7.74143801564444
86,3,7.239523612434581
22,14,8.683249855744156
22,6,7.640603826393634
65,1,3.7612001156935624
37,2,5.711254489494902
39,6,7.754455818151394
30,4,6.951360596462858
51,11,8.294272115352573
35,5,7.728569817272442
76,4,8.165844040232853
83,2,6.7259935654466965
38,1,6.087524445802853
39,5,6.855608989318586
84,2,6.43771964922439
274,1,6.046071096598854
88,4,7.566326542602217
44,2,6.754429259029435
83,1,5.869014387351418
76,2,5.917414265597815
21,13,8.597362044979201
231,1,4.754279608575932
158,2,7.329972615011344
107,6,7.979489568842
297,1,3.192531849528599
60,4,6.921293226043281
51,7,8.040530640681792
266,7,9.038658413386564
58,2,6.5141199226275495
167,2,5.173320876373351
88,1,6.234489154015341
92,1,5.973682377312184
39,1,5.8593892367381235
31,11,9.259939732467467
94,4,7.695171188133398
29,1,4.567364471252192
37,6,6.884691339383585
36,2,6.016571707907711
83,41,8.706872612613385
31,1,6.033925198296746
87,5,7.3850510061380765
60,4,7.1468115487563955
37,3,7.134237251561746
45,1,5.568573485176439
130,7,7.5704535612825845
79,7,7.167230759543737
76,1,5.012633296758929
65,4,7.341470890516357
197,1,4.886809034892587
44,1,5.686093611785117
44,1,5.730489317484765
123,8,8.931833412482058
108,5,7.3040854570408555
312,1,5.685380865475649
46,1,5.951501558536452
32,4,6.815475502862841
324,3,5.800122427092944
24,21,8.686539262854469
254,3,7.21104737852242
93,4,7.183787251791934
234,1,5.210032451680465
35,6,8.071193547467612
74,3,6.256862666319028
195,3,5.784071305885004
55,11,7.766484692331739
27,5,7.083471736723956
21,10,8.280102833969403
248,3,7.038871256839674
56,7,7.279746330232585
31,6,7.507596769405338
77,2,6.20506268557866
322,1,5.640167970927469
148,10,8.365074113154934
69,4,7.661004591943516
235,2,6.2129066517824345
50,1,5.27785952464564
176,1,5.095221510537605
105,3,6.766882720100721
234,1,5.721556902755365
92,5,7.3612864796593405
90,2,6.0167667299702
30,8,7.7283541582241595
98,1,5.8687317817256845
63,1,6.187976607421274
58,3,6.453609250737194
316,1,5.906505607880791
24,18,9.586301829655246
183,2,5.671603576291966
86,4,7.130170565175667
76,3,7.45187446963851
36,4,7.527815504434551
43,14,8.836356488914813
48,5,7.186643801251925
101,6,8.018473988311957
381,1,5.476672735072112
77,1,4.634728988229636
37,1,5.863602766103642
100,7,7.657145732546141
81,2,6.577652712868601
21,14,8.740770248753131
322,1,5.0330488889331555
34,3,6.959123070594701
31,1,7.011953118994513
206,3,7.162893498357889
207,1,5.196284640982885
36,2,6.7063242945735775
92,1,5.7407570774475625
44,15,8.153292202385765
254,3,7.350862932514812
72,3,6.5293020431207704
84,1,4.234541192715384
31,9,8.612437914532865
196,1,5.543418085214289
317,1,5.838895948463375
70,2,6.595056207999221
175,3,5.5671988095361
277,1,4.948334267898876
65,2,5.032722890560261
227,2,6.0870019738170456
23,2,6.313004420278385
28,62,7.438442351843683
336,1,4.34795265434013
21,2,7.422313926337235
99,1,7.938873572287031
58,1,5.754919090103581
50,15,8.054160409262002
52,3,6.146500549207514
56,1,5.754443902791644
79,3,6.832083007026135
301,1,5.908490463814726
36,4,7.115923254021356
25,13,8.480859028166352
86,6,8.164402124026534
92,5,7.718374335682253
85,2,6.419424733043517
35,1,5.361245216250509
385,1,4.287578583130166
28,10,8.058472865606982
273,1,5.5025227168419955
195,8,7.438124673014305
170,2,5.442677417054872
35,6,7.376495610603343
79,4,7.294730497776457
165,1,4.831986982668597
51,2,6.941073994174962
25,3,6.5461252215779995
232,2,5.34981813941044
232,8,8.438320965128687
350,1,5.9471468664568565
71,14,9.77973334989274
233,2,6.246474914760563
139,1,6.436679074733429
38,7,8.908720281738969
52,1,6.091151498494956
212,2,6.043226481666571
86,2,7.5609706936507095
28,2,6.211101959092904
101,1,5.482927968145463
21,26,9.00693939713553
105,3,6.869118395367219
309,1,5.231375960794155
105,2,5.928790952579924
65,5,7.488612434640558
31,5,8.119499805091202
150,2,6.570882962339584
242,1,4.8890701151444125
76,1,6.072306934952083
65,1,4.680370418551027
22,11,7.961422501607078
58,7,8.414923449946652
105,2,5.723944514480142
93,4,8.054636961321624
25,7,7.215541403885206
158,4,6.7827814514401705
252,1,5.689480689945341
157,1,4.515464272903598
65,3,6.868681754995999
386,1,5.826383514696429
25,18,9.593966059933164
136,4,6.128963060293615
36,3,6.461843106058791
307,2,5.741303025403381
42,3,6.966410904774026
62,1,5.846149715943123
95,2,5.852116269161894
23,7,7.223769673700954
67,1,4.801969761962699
55,3,6.171658842885763
232,1,5.742169507060905
300,1,5.690528358977785
357,1,4.950318958088201
81,10,7.863120559481906
27,1,6.602967738627417
35,2,7.202333518121759
24,18,7.764907284550139
325,1,4.800736969532067
83,2,6.304905736402972
30,4,6.363321164042317
87,3,7.08114540233728
51,7,7.272898267611698
38,15,9.316891678361227
22,7,7.549651269531288
23,6,8.392169505404327
45,1,6.198946086932524
42,8,8.30974826927126
246,1,5.0369526024136295
210,3,6.74489511479984
158,3,7.742914043488088
29,2,6.307369578503503
64,2,6.05835187014942
52,1,7.720559294095831
108,3,7.38499516326749
142,1,4.948405217560122
84,10,8.083282311418373
143,2,7.03902912526544
29,5,7.188767658398983
280,2,7.057390063198797
161,5,7.992119883051658
22,5,7.195397350633897
25,17,8.166025909565922
72,3,7.143104042734709
76,5,7.6914284862414535
52,21,9.298826411116911
146,2,6.640620654418016
100,1,5.619675965359201
53,6,7.699828820348161
238,3,5.388615004528817
37,3,5.84354441703136
91,1,6.697577310057951
25,4,7.483907862985888
185,1,5.924710239594586
30,3,6.068680185461118
29,14,8.446281337001615
34,6,6.708157341242941
84,6,7.667270555985583
41,3,6.4717123996598325
35,12,9.523982546097495
36,2,6.536749566925543
25,3,7.154224655599844
74,1,5.641481448458822
35,6,7.115541507975305
45,6,6.0588895234227715
385,1,5.111987788356544
84,4,6.298011307127966
133,2,5.798941127829431
63,1,4.5635145107192585
88,2,5.759690106594497
81,1,5.400151672429304
49,9,7.626545839522058
311,1,5.444147814759576
288,1,6.708438111531965
192,2,7.911298358810087
45,3,6.347214062970213
216,1,5.387838092486448
